Observed Date,Unemployment Rate,Avg Weeks Unemployeed,Median Weeks Unemployeed,Job Openings,Unemployed 27 weeks,Unemployeed Count,Fed Rate,15 year mortgage,30 year mortgage,S&P 500,Labor Participation Rate,Labor Participation Core,Housing Price Index,CPI,GDP,Stock Market (b),National Debt (b),10Y Treasury,2Y Treasury,Consumer Sentiment,Retail Sales,Personal Savings Rate,PCE Price Index,Avg Hourly Earnings,Initial Claims
1/1/00,4,13.1,5.8,,721,5708,5.45,7.84,8.25,,67.3,84.4,100,169.3,10002.179,16264.154,5773.392,6.68,6.61,112,261545,4.5,72.961,,285000
2/1/00,4.1,12.6,6.1,,629,5858,5.73,7.92,8.31,,67.3,84.4,100.571,170,10002.179,16264.154,5773.392,6.42,6.53,111.3,265686,4,73.191,,280000
3/1/00,4,12.7,6,,646,5733,5.85,7.84,8.23,,67.3,84.3,101.466,171,10002.179,16264.154,5773.392,6.03,6.5,107.1,269019,3.8,73.505,,272000
4/1/00,3.8,12.4,6.1,,599,5481,6.02,7.79,8.13,,67.3,84.4,102.54,170.9,10247.72,15615.227,5685.938,6.23,6.68,109.2,264067,4.3,73.444,,291000
5/1/00,4,12.6,5.8,,643,5758,6.27,8.31,8.62,,67.1,84.1,103.701,171.2,10247.72,15615.227,5685.938,6.29,6.69,110.7,265992,4.3,73.505,,280000
6/1/00,4,12.3,5.7,,627,5651,6.53,7.92,8.22,,67.1,84.1,104.856,172.2,10247.72,15615.227,5685.938,6.03,6.38,106.4,267750,4.3,73.754,,296000
7/1/00,4,13.4,6,,698,5747,6.54,7.85,8.13,,66.9,83.9,105.723,172.7,10318.165,15260.386,5674.179,6.04,6.3,108.3,265683,4.7,73.939,,298000
8/1/00,4.1,12.9,6.3,,709,5853,6.5,7.72,7.99,,66.9,83.8,106.523,172.7,10318.165,15260.386,5674.179,5.73,6.18,107.3,266885,4.8,73.934,,312000
9/1/00,3.9,12.2,5.2,,646,5625,6.52,7.53,7.88,,66.9,83.7,107.137,173.6,10318.165,15260.386,5674.179,5.8,5.98,106.8,270523,4.1,74.252,,292000
10/1/00,3.9,12.7,6.1,,627,5534,6.51,7.36,7.68,,66.8,83.6,107.73,173.9,10435.744,13360.898,5662.216,5.77,5.94,105.8,270339,4.3,74.353,,301000
11/1/00,3.9,12.4,6.1,,593,5639,6.51,7.41,7.73,,66.9,83.8,108.292,174.2,10435.744,13360.898,5662.216,5.48,5.61,107.6,268850,4.3,74.457,,356000
12/1/00,3.9,12.5,6,5088,642,5634,6.4,6.79,7.13,,67,83.9,108.792,174.6,10435.744,13360.898,5662.216,5.12,5.11,98.4,268338,4.1,74.571,,353000
1/1/01,4.2,12.7,5.8,5234,676,6023,5.98,6.7,7.15,,67.2,84.1,109.215,175.6,10470.231,11800.946,5773.74,5.19,4.62,94.7,272881,4.5,74.932,,362000
2/1/01,4.2,12.8,6.1,5097,714,6089,5.49,6.69,7.12,,67.1,84.1,109.643,176,10470.231,11800.946,5773.74,4.92,4.41,90.6,272627,4.6,75.048,,386000
3/1/01,4.3,12.8,6.6,4762,696,6141,5.31,6.46,6.91,,67.2,84.1,110.394,176.1,10470.231,11800.946,5773.74,4.93,4.18,91.5,269820,4.9,75.055,,388000
4/1/01,4.4,12.4,5.9,4615,712,6271,4.8,6.63,7.12,,66.9,83.7,111.247,176.4,10599,12656.812,5726.815,5.35,4.3,88.4,274410,4.8,75.187,,406000
5/1/01,4.3,12.1,6.3,4425,624,6226,4.21,6.76,7.2,,66.7,83.8,112.202,177.3,10599,12656.812,5726.815,5.43,4.22,92,275769,4.3,75.385,,405000
6/1/01,4.5,12.7,6,4361,710,6484,3.97,6.63,7.11,,66.7,83.6,113.272,177.7,10599,12656.812,5726.815,5.42,4.25,92.6,274474,4.2,75.518,,394000
7/1/01,4.6,12.9,6.8,4447,702,6583,3.77,6.58,7.03,,66.8,83.6,114.228,177.4,10598.02,10609.401,5807.464,5.07,3.79,92.4,273098,5.4,75.493,,388000
8/1/01,4.9,13.3,6.9,4024,857,7042,3.65,6.47,6.92,,66.5,83.5,114.989,177.4,10598.02,10609.401,5807.464,4.85,3.64,91.5,275659,6.5,75.484,,395000
9/1/01,5,13.2,7.2,4071,819,7142,3.07,6.23,6.72,,66.8,83.5,115.466,178.1,10598.02,10609.401,5807.464,4.6,2.86,81.8,268652,6.9,75.227,,517000
10/1/01,5.3,13.3,7.3,3707,909,7694,2.49,6.13,6.64,,66.7,83.6,115.681,177.6,10660.465,11943.242,5943.439,4.3,2.44,82.7,288632,2.9,75.492,,483000
11/1/01,5.5,14.3,7.7,3775,1106,8003,2.09,6.53,7.02,,66.7,83.5,115.838,177.5,10660.465,11943.242,5943.439,4.78,2.84,83.9,280033,3.4,75.441,,491000
12/1/01,5.7,14.5,8.2,3677,1126,8258,1.82,6.65,7.16,,66.7,83.7,116.055,177.4,10660.465,11943.242,5943.439,5.07,3.07,88.8,276302,3.7,75.363,,421000
1/1/02,5.7,14.7,8.4,3699,1203,8182,1.73,6.44,6.96,,66.5,83.5,116.437,177.7,10783.5,12002.924,6006.032,5.07,3.16,93,277135,5.6,75.431,,414000
2/1/02,5.7,15,8.3,3436,1214,8215,1.74,6.28,6.81,,66.8,83.7,116.917,178,10783.5,12002.924,6006.032,4.88,3.06,90.7,278869,5.4,75.558,,398000
3/1/02,5.7,15.4,8.4,3612,1330,8304,1.73,6.69,7.18,,66.6,83.5,117.93,178.5,10783.5,12002.924,6006.032,5.42,3.72,95.7,278079,5.5,75.763,,479000
4/1/02,5.9,16.3,8.9,3471,1457,8599,1.75,6.35,6.88,,66.7,83.6,119.209,179.3,10887.46,10417.477,6126.469,5.11,3.24,93,281147,5.4,76.08,,414000
5/1/02,5.8,16.8,9.5,3457,1574,8399,1.75,6.22,6.76,,66.7,83.6,120.789,179.5,10887.46,10417.477,6126.469,5.08,3.22,96.9,278966,6.1,76.13,,403000
6/1/02,5.8,16.9,11,3412,1641,8393,1.75,5.99,6.55,,66.6,83.2,122.334,179.6,10887.46,10417.477,6126.469,4.86,2.9,92.4,280426,6.1,76.225,,386000
7/1/02,5.8,16.9,8.9,3367,1584,8390,1.73,5.76,6.34,,66.5,83.1,123.688,180,10984.04,8666.573,6228.236,4.51,2.23,88.1,284161,5.3,76.393,,390000
8/1/02,5.7,16.5,9,3517,1573,8304,1.74,5.64,6.22,,66.6,83.2,124.731,180.5,10984.04,8666.573,6228.236,4.14,2.14,87.6,285884,5.2,76.543,,394000
9/1/02,5.7,17.6,9.5,3301,1580,8251,1.75,5.41,5.99,,66.7,83.3,125.495,180.8,10984.04,8666.573,6228.236,3.63,1.72,86.1,281064,5.8,76.681,,409000
10/1/02,5.7,17.8,9.6,3479,1653,8307,1.75,5.7,6.31,,66.6,83.2,126.138,181.2,11061.433,9268.698,6405.707,3.93,1.68,80.6,282940,5.6,76.821,,409000
11/1/02,5.9,17.6,9.3,3514,1743,8520,1.34,5.57,6.13,,66.4,82.9,126.644,181.5,11061.433,9268.698,6405.707,4.22,2.08,84.2,283408,5.6,76.897,,377000
12/1/02,6,18.5,9.6,3169,1924,8640,1.24,5.32,5.93,,66.3,83.1,127.152,181.8,11061.433,9268.698,6405.707,3.83,1.61,86.7,286646,5.3,76.971,,409000
1/1/03,5.8,18.5,9.6,3441,1760,8520,1.24,5.28,5.9,,66.4,82.9,127.653,182.6,11174.129,9023.337,6460.776,4,1.72,82.4,288657,5.3,77.201,,407000
2/1/03,5.9,18.5,9.5,3229,1864,8618,1.26,5.14,5.79,,66.4,83,128.326,183.6,11174.129,9023.337,6460.776,3.71,1.53,79.9,284696,5.2,77.526,,421000
3/1/03,5.9,18.1,9.7,3099,1798,8588,1.25,5.21,5.91,,66.3,83.1,129.308,183.9,11174.129,9023.337,6460.776,3.83,1.51,77.6,288177,4.9,77.725,,436000
4/1/03,6,19.4,10.2,3108,1927,8842,1.26,5.12,5.79,,66.4,83.2,130.488,183.2,11312.766,10368.991,6670.121,3.89,1.51,86,289053,5,77.593,,444000
5/1/03,6.1,19,9.9,3289,1929,8957,1.26,4.73,5.31,,66.4,83.1,131.839,182.9,11312.766,10368.991,6670.121,3.37,1.33,92.1,289619,5.3,77.504,,431000
6/1/03,6.3,19.9,11.5,3390,2100,9266,1.22,4.63,5.24,,66.5,83.3,133.225,183.1,11312.766,10368.991,6670.121,3.54,1.32,89.7,293671,5.1,77.588,,429000
7/1/03,6.2,19.7,10.3,2981,1972,9011,1.01,5.27,5.94,,66.2,83,134.647,183.7,11566.669,10766.593,6783.32,4.49,1.8,90.9,296207,5.9,77.816,,398000
8/1/03,6.1,19.2,10.1,3190,1995,8896,1.03,5.66,6.32,,66.1,83,135.966,184.5,11566.669,10766.593,6783.32,4.45,1.95,89.3,299592,5.7,78.079,,407000
9/1/03,6.1,19.5,10.2,3091,2014,8921,1.01,5.3,5.98,,66.1,82.8,137.077,185.1,11566.669,10766.593,6783.32,3.96,1.5,87.7,298921,4.9,78.323,,387000
10/1/03,6,19.3,10.4,3305,1959,8732,1.01,5.26,5.94,,66.1,82.9,137.977,184.9,11772.234,11931.45,6997.964,4.33,1.85,89.6,298205,5,78.333,,379000
11/1/03,5.8,19.9,10.3,3324,2006,8576,1,5.22,5.89,,66.1,82.8,138.766,185,11772.234,11931.45,6997.964,4.34,2.06,93.7,299433,5,78.432,,357000
12/1/03,5.7,19.8,10.4,3414,1931,8317,0.98,5.15,5.85,,65.9,82.8,139.629,185.5,11772.234,11931.45,6997.964,4.27,1.84,92.6,300702,5,78.605,,349000
1/1/04,5.7,19.9,10.6,3424,1911,8370,1,4.97,5.68,,66.1,82.8,140.706,186.3,11923.447,12338.98,7131.068,4.16,1.84,103.8,301993,4.6,78.909,,376000
2/1/04,5.6,20.1,10.2,3532,1856,8167,1.01,4.89,5.58,,66,82.7,142.028,186.7,11923.447,12338.98,7131.068,3.99,1.66,94.4,303915,4.6,79.077,,348000
3/1/04,5.8,19.8,10.2,3525,1983,8491,1,4.7,5.4,,66,82.8,144.079,187.1,11923.447,12338.98,7131.068,3.86,1.6,95.8,309471,4.5,79.199,,340000
4/1/04,5.6,19.6,9.5,3511,1805,8170,1,5.35,6.01,,65.9,82.7,146.18,187.4,12112.815,12636.62,7274.335,4.53,2.31,94.2,307358,4.9,79.346,,339000
5/1/04,5.6,19.8,9.9,3710,1799,8212,1,5.69,6.32,,66,82.8,148.335,188.2,12112.815,12636.62,7274.335,4.66,2.54,90.2,311088,4.8,79.604,,337000
6/1/04,5.6,20.5,11,3337,1847,8286,1.03,5.64,6.25,,66.1,82.9,150.519,188.9,12112.815,12636.62,7274.335,4.62,2.7,95.6,309127,5.4,79.831,,348000
7/1/04,5.5,18.8,8.9,3814,1681,8136,1.26,5.49,6.08,,66.1,83,152.338,189.1,12305.307,12344.618,7379.053,4.5,2.68,96.7,311681,4.7,79.905,,341000
8/1/04,5.4,18.8,9.2,3541,1640,7990,1.43,5.21,5.82,,66,82.7,153.814,189.2,12305.307,12344.618,7379.053,4.13,2.41,95.9,311192,4.7,79.946,,352000
9/1/04,5.4,19.4,9.6,3821,1702,7927,1.61,5.12,5.72,,65.8,82.7,155.108,189.8,12305.307,12344.618,7379.053,4.14,2.63,94.2,317446,4.1,80.104,,351000
10/1/04,5.5,19.5,9.5,3943,1737,8061,1.76,5.01,5.64,,65.9,82.6,156.298,190.8,12527.214,13516.522,7596.143,4.05,2.56,91.7,318476,3.9,80.448,,332000
11/1/04,5.4,19.7,9.7,3472,1702,7932,1.93,5.15,5.72,,66,82.7,157.495,191.7,12527.214,13516.522,7596.143,4.36,3.02,92.8,320520,3.4,80.758,,335000
12/1/04,5.4,19.4,9.5,4074,1653,7934,2.16,5.23,5.81,,65.9,82.6,158.669,191.7,12527.214,13516.522,7596.143,4.24,3.08,97.1,324672,6.2,80.801,,320000
1/1/05,5.3,19.5,9.4,3804,1648,7784,2.28,5.14,5.66,,65.8,82.7,160.13,191.6,12767.286,13463.935,7776.939,4.14,3.29,95.5,321272,2.7,80.907,,331000
2/1/05,5.4,19.1,9.2,3965,1628,7980,2.5,5.22,5.69,,65.9,82.8,161.925,192.4,12767.286,13463.935,7776.939,4.36,3.59,94.1,325308,2.3,81.132,,314000
3/1/05,5.2,19.5,9.3,4044,1660,7737,2.63,5.58,6.04,,65.9,82.6,164.578,193.1,12767.286,13463.935,7776.939,4.5,3.8,92.6,326179,2.5,81.375,,342000
4/1/05,5.2,19.6,9,4159,1609,7672,2.79,5.33,5.78,,66.1,82.7,167.001,193.7,12922.656,13737.023,7836.496,4.21,3.66,87.7,329124,2.1,81.603,,334000
5/1/05,5.1,18.6,9.1,3797,1538,7651,3,5.21,5.65,,66.1,82.9,169.546,193.6,12922.656,13737.023,7836.496,4,3.6,86.9,327233,2.6,81.649,,340000
6/1/05,5,17.9,9,4062,1375,7524,3.04,5.12,5.53,,66.1,82.6,172.017,193.7,12922.656,13737.023,7836.496,3.94,3.66,96,337219,2,81.7,,311000
7/1/05,5,17.6,8.8,4256,1380,7406,3.26,5.34,5.77,,66.1,82.8,174.099,194.9,13142.642,14223.254,7932.71,4.28,4.02,96.5,339529,1.4,82.046,,316000
8/1/05,4.9,18.4,9.2,4142,1407,7345,3.5,5.35,5.77,,66.2,82.9,175.925,196.1,13142.642,14223.254,7932.71,4.02,3.84,89.1,335605,2,82.377,,318000
9/1/05,5,17.9,8.4,4352,1439,7553,3.62,5.48,5.91,,66.1,82.9,177.613,198.8,13142.642,14223.254,7932.71,4.34,4.18,76.9,336600,2,83.172,,359000
10/1/05,5,17.9,8.6,4184,1422,7453,3.78,5.69,6.15,,66.1,82.7,178.754,199.1,13324.204,14216.722,8170.413,4.57,4.4,74.2,336753,2.3,83.305,,322000
11/1/05,5,17.5,8.5,4248,1370,7566,4,5.81,6.28,,66,82.7,179.676,198.1,13324.204,14216.722,8170.413,4.49,4.42,81.6,339719,2.6,83.131,,311000
12/1/05,4.9,17.5,8.7,4282,1356,7279,4.16,5.76,6.22,,66,82.7,180.109,198.1,13324.204,14216.722,8170.413,4.39,4.41,91.5,339895,2.5,83.131,,302000
1/1/06,4.7,16.9,8.6,4397,1170,7064,4.29,5.7,6.12,,66,82.8,180.828,199.3,13599.16,15232.648,8371.156,4.53,4.54,91.2,349664,3,83.534,,282000
2/1/06,4.8,17.8,9.1,4325,1350,7184,4.49,5.89,6.26,,66.1,82.9,181.499,199.4,13599.16,15232.648,8371.156,4.55,4.69,86.7,347021,3.2,83.584,,293000
3/1/06,4.7,17.1,8.7,4732,1309,7072,4.59,6,6.35,,66.2,83,182.748,199.7,13599.16,15232.648,8371.156,4.86,4.82,88.9,348357,3.3,83.746,20.04,295000
4/1/06,4.7,16.7,8.4,4790,1331,7120,4.79,6.21,6.58,,66.1,82.8,183.648,200.7,13753.424,14744.63,8420.042,5.07,4.87,87.4,350072,3.1,84.135,20.17,321000
5/1/06,4.6,17.1,8.5,4463,1333,6980,4.94,6.23,6.62,,66.1,82.8,184.38,201.3,13753.424,14744.63,8420.042,5.12,5.04,79.1,348889,2.9,84.361,20.13,330000
6/1/06,4.6,16.6,7.3,4614,1145,7001,4.99,6.43,6.78,,66.2,82.8,184.547,201.8,13753.424,14744.63,8420.042,5.15,5.16,84.9,350795,2.9,84.569,20.22,309000
7/1/06,4.7,17.1,8,4394,1304,7175,5.24,6.34,6.72,,66.1,83,184.607,202.9,13870.188,15145.284,8506.974,4.99,4.97,84.7,351916,2.3,84.858,20.29,311000
8/1/06,4.7,17.1,8.4,4710,1306,7091,5.25,6.14,6.44,,66.2,82.9,184.404,203.8,13870.188,15145.284,8506.974,4.74,4.79,82,353285,2.5,85.125,20.32,314000
9/1/06,4.5,17.1,8,4737,1245,6847,5.25,5.98,6.31,,66.1,82.9,184.198,202.8,13870.188,15145.284,8506.974,4.64,4.71,85.4,351240,2.4,84.902,20.4,309000
10/1/06,4.4,16.3,7.9,4591,1078,6727,5.25,6.1,6.4,,66.2,82.9,184.054,201.9,14039.56,16022.452,8680.224,4.61,4.71,93.6,351035,2.4,84.702,20.42,328000
11/1/06,4.5,16.2,8.3,4645,1131,6872,5.25,5.87,6.14,,66.3,83,183.631,202,14039.56,16022.452,8680.224,4.46,4.62,92.1,352116,2.7,84.731,20.49,349000
12/1/06,4.4,16.1,7.5,4620,1093,6762,5.24,5.93,6.18,,66.4,83.1,183.228,203.1,14039.56,16022.452,8680.224,4.71,4.82,91.7,356367,2.6,85.032,20.58,341000
1/1/07,4.6,16.3,8.3,4763,1141,7116,5.25,5.98,6.25,,66.4,83.4,182.717,203.437,14215.651,16655.893,8849.665,4.83,4.94,96.9,355792,2.4,85.316,20.59,308000
2/1/07,4.5,16.7,8.5,4699,1249,6927,5.26,5.97,6.22,,66.3,83.2,182.469,204.226,14215.651,16655.893,8849.665,4.56,4.65,91.3,356545,2.8,85.581,20.68,322000
3/1/07,4.4,17.8,9.1,4962,1245,6731,5.26,5.86,6.16,,66.2,83.2,182.191,205.288,14215.651,16655.893,8849.665,4.65,4.58,88.4,359415,3,85.894,20.72,307000
4/1/07,4.5,16.9,8.6,4689,1206,6850,5.25,5.87,6.16,,65.9,83,182.129,205.904,14402.082,17392.12,8867.677,4.63,4.6,87.1,358562,3,86.096,20.79,301000
5/1/07,4.4,16.6,8.2,4657,1132,6766,5.25,6.12,6.42,,66,83,181.883,206.755,14402.082,17392.12,8867.677,4.9,4.92,88.3,363085,2.8,86.346,20.84,310000
6/1/07,4.6,16.5,7.7,4859,1143,6979,5.25,6.34,6.67,,66,82.9,181.539,207.234,14402.082,17392.12,8867.677,5.03,4.87,85.3,360234,2.7,86.529,20.95,317000
7/1/07,4.7,17.2,8.7,4598,1291,7149,5.26,6.37,6.69,,66,82.9,180.993,207.603,14564.117,17569.246,9007.653,4.78,4.56,90.4,361770,2.6,86.661,20.94,305000
8/1/07,4.6,17,8.8,4546,1246,7067,5.02,6.12,6.45,,65.8,82.9,180.234,207.667,14564.117,17569.246,9007.653,4.54,4.15,83.4,363676,2.2,86.72,21,329000
9/1/07,4.7,16.3,8.7,4652,1264,7170,4.94,6.09,6.42,,66,82.8,179.122,208.547,14564.117,17569.246,9007.653,4.59,3.97,83.4,365178,2.3,87.054,21.04,317000
10/1/07,4.7,17,8.4,4636,1298,7237,4.76,5.99,6.33,,65.8,82.7,177.529,209.19,14715.058,16913.585,9229.172,4.48,3.94,80.9,367322,2.2,87.318,21.06,328000
11/1/07,4.7,17.3,8.6,4646,1374,7240,4.49,5.73,6.1,,66,82.9,175.161,210.834,14715.058,16913.585,9229.172,3.97,3.04,76.1,370776,1.9,87.781,21.12,352000
12/1/07,5,16.6,8.4,4545,1324,7645,4.24,5.79,6.17,,66,83.1,173.337,211.445,14715.058,16913.585,9229.172,4.04,3.05,75.5,366569,2.4,87.984,21.16,360000
1/1/08,5,17.5,9,4624,1388,7685,3.94,5.17,5.68,,66.2,83.3,171.076,212.174,14706.538,15604.794,9437.594,3.67,2.17,78.4,367368,2.6,88.206,21.19,366000
2/1/08,4.9,16.9,8.7,4279,1329,7497,2.98,5.72,6.24,,66,83.2,169.189,212.687,14706.538,15604.794,9437.594,3.53,1.65,70.8,364126,3,88.382,21.27,354000
3/1/08,5.1,16.5,8.7,4225,1323,7822,2.61,5.34,5.85,,66.1,83.3,167.9,213.448,14706.538,15604.794,9437.594,3.45,1.62,69.5,365164,2.9,88.635,21.36,387000
4/1/08,5,16.9,9.4,4035,1372,7637,2.28,5.62,6.03,,65.9,83.1,167.317,213.942,14865.701,15443.315,9492.006,3.77,2.29,62.6,364816,2.4,88.799,21.38,370000
5/1/08,5.4,16.6,7.9,4194,1561,8395,1.98,5.66,6.08,,66.1,83.1,167.014,215.208,14865.701,15443.315,9492.006,4.06,2.66,59.8,368255,6.8,89.18,21.47,362000
6/1/08,5.6,17.1,9,3830,1576,8575,2,6.04,6.45,,66.1,83.1,166.533,217.463,14865.701,15443.315,9492.006,3.99,2.63,56.4,368926,4.6,89.827,21.52,392000
7/1/08,5.8,17,9.7,3749,1664,8937,2.01,6.07,6.52,,66.1,83.1,165.711,219.016,14898.999,13819.458,10024.725,3.99,2.52,61.2,367594,3.6,90.245,21.6,434000
8/1/08,6.1,17.7,9.7,3674,1866,9438,2,5.93,6.4,,66.1,83.2,164.277,218.69,14898.999,13819.458,10024.725,3.83,2.36,63,364611,3.1,90.172,21.7,442000
9/1/08,6.1,18.6,10.2,3222,2027,9494,1.81,5.77,6.09,,66,83.1,161.911,218.877,14898.999,13819.458,10024.725,3.85,2,70.3,358991,3.9,90.247,21.73,483000
10/1/08,6.5,19.9,10.4,3377,2280,10074,0.97,6.19,6.46,,66,83,159.162,216.995,14608.209,11037.133,10699.805,4.01,1.56,57.6,346137,4.9,89.651,21.76,480000
11/1/08,6.8,18.9,9.8,3231,2219,10538,0.39,5.74,5.97,,65.9,83,156.071,213.153,14608.209,11037.133,10699.805,2.93,1,55.3,332498,6,88.593,21.86,529000
12/1/08,7.3,19.9,10.5,3146,2610,11286,0.16,4.83,5.1,,65.8,82.8,152.543,211.398,14608.209,11037.133,10699.805,2.25,0.76,60.1,324767,5.8,88.098,21.95,533000
1/1/09,7.8,19.8,10.7,2738,2699,12058,0.15,4.8,5.1,,65.7,82.8,149.361,211.933,14430.902,9957.366,11126.941,2.87,0.94,61.2,329787,5.9,88.108,21.96,629000
2/1/09,8.3,20.2,11.7,2864,2999,12898,0.22,4.68,5.07,,65.8,82.8,147.616,212.705,14430.902,9957.366,11126.941,3.02,1,56.3,328376,5.4,88.266,21.98,652000
3/1/09,8.7,20.9,12.3,2534,3260,13426,0.18,4.58,4.85,,65.6,82.6,146.513,212.495,14430.902,9957.366,11126.941,2.71,0.81,57.3,322634,5.8,88.169,22.05,665000
4/1/09,9,21.7,13.1,2295,3752,13853,0.15,4.48,4.78,,65.7,82.8,146.941,212.709,14381.236,11350.929,11545.275,3.16,0.91,65.1,324323,6.5,88.295,22.1,620000
5/1/09,9.4,22.4,14.2,2549,3973,14499,0.18,4.53,4.91,,65.7,82.9,148.168,213.022,14381.236,11350.929,11545.275,3.47,0.92,68.7,327011,7.8,88.387,22.12,607000
6/1/09,9.5,23.9,17.2,2503,4349,14707,0.21,4.87,5.42,,65.7,82.9,149.795,214.79,14381.236,11350.929,11545.275,3.53,1.11,70.8,332227,6.1,88.912,22.14,594000
7/1/09,9.5,25.1,16,2232,4917,14601,0.16,4.69,5.25,,65.5,82.8,150.747,214.726,14448.882,12975.33,11909.828,3.52,1.13,66,333670,5.4,88.922,22.18,587000
8/1/09,9.6,25.3,16.3,2338,5037,14814,0.16,4.58,5.14,,65.4,82.8,150.667,215.445,14448.882,12975.33,11909.828,3.4,0.97,65.7,339586,4.4,89.18,22.23,564000
9/1/09,9.8,26.6,17.8,2487,5494,15009,0.15,4.46,5.04,,65.1,82.5,149.626,215.861,14448.882,12975.33,11909.828,3.31,0.95,73.5,330998,5.5,89.324,22.27,554000
10/1/09,10,27.5,18.9,2406,5643,15352,0.12,4.46,5.03,,65,82.5,148.582,216.509,14651.249,13673.867,12311.349,3.41,0.9,70.6,334595,5.1,89.663,22.31,522000
11/1/09,9.9,28.9,19.8,2503,5908,15219,0.12,4.29,4.78,,65,82.4,147.937,217.234,14651.249,13673.867,12311.349,3.21,0.67,67.4,337321,5.5,89.887,22.34,475000
12/1/09,9.9,29.7,20.1,2568,6122,15098,0.12,4.54,5.14,,64.6,82,146.665,217.347,14651.249,13673.867,12311.349,3.85,1.14,72.5,338736,5.4,89.939,22.37,468000
1/1/10,9.8,30.3,20,2837,6319,15046,0.11,4.39,4.98,,64.8,82.4,145.003,217.488,14764.61,14221.536,12773.123,3.63,0.82,74.4,339093,5.6,90.136,22.4,496000
2/1/10,9.8,29.8,19.9,2666,6129,15113,0.13,4.4,5.05,,64.9,82.3,143.056,217.281,14764.61,14221.536,12773.123,3.61,0.81,73.6,339580,5.3,90.134,22.46,488000
3/1/10,9.9,31.6,20.4,2679,6545,15202,0.16,4.34,4.99,,64.9,82.4,143.596,217.353,14764.61,14221.536,12773.123,3.84,1.02,73.6,346974,5.3,90.261,22.46,459000
4/1/10,9.9,33.3,22.1,3153,6800,15325,0.2,4.39,5.06,,65.2,82.6,145.398,217.403,14980.193,12774.684,13201.792,3.69,0.97,72.2,349869,6,90.31,22.49,449000
5/1/10,9.6,34,22.3,2988,6638,14849,0.2,4.21,4.78,,64.9,82.3,147.031,217.29,14980.193,12774.684,13201.792,3.31,0.76,73.6,346858,6.4,90.339,22.51,458000
6/1/10,9.4,34.5,25.2,2801,6623,14474,0.18,4.13,4.69,,64.6,82.2,147.697,217.199,14980.193,12774.684,13201.792,2.97,0.61,76,346516,6.2,90.301,22.53,464000
7/1/10,9.4,33.9,22.3,3082,6506,14512,0.18,4,4.54,,64.6,81.9,147.559,217.605,15141.607,14162.081,13561.622,2.94,0.55,67.8,347612,6.1,90.378,22.59,476000
8/1/10,9.5,33.7,21,2999,6259,14648,0.19,3.86,4.36,,64.7,82,146.425,217.923,15141.607,14162.081,13561.622,2.47,0.47,68.9,349188,6.2,90.502,22.62,467000
9/1/10,9.5,33.4,20.3,2918,6163,14579,0.19,3.75,4.32,,64.6,82,144.606,218.275,15141.607,14162.081,13561.622,2.53,0.42,68.2,352179,6.1,90.592,22.67,459000
10/1/10,9.4,34,21.2,3235,6227,14516,0.19,3.66,4.23,,64.4,81.8,143.124,219.035,15309.474,15565.085,14025.215,2.63,0.34,67.7,356215,5.9,90.881,22.73,453000
11/1/10,9.8,33.9,21,3211,6326,15081,0.19,3.77,4.4,,64.6,82,141.811,219.59,15309.474,15565.085,14025.215,2.81,0.45,71.6,359450,5.8,91.062,22.73,432000
12/1/10,9.3,34.7,21.9,3058,6429,14348,0.18,4.2,4.86,,64.3,81.9,140.62,220.472,15309.474,15565.085,14025.215,3.3,0.61,74.5,361979,6.2,91.268,22.76,404000
1/1/11,9.1,37.2,21.5,3104,6175,14013,0.17,4.09,4.8,,64.2,81.7,139.028,221.187,15351.448,16567.097,14270.114,3.42,0.58,74.2,364394,6.6,91.542,22.87,420000
2/1/11,9,37.4,21.1,3226,5892,13820,0.16,4.22,4.95,,64.1,81.6,137.724,221.898,15351.448,16567.097,14270.114,3.42,0.69,77.5,367475,6.9,91.797,22.87,385000
3/1/11,9,39.1,21.5,3261,6105,13737,0.14,4.09,4.86,,64.2,81.7,137.778,223.046,15351.448,16567.097,14270.114,3.47,0.8,67.5,370775,6.3,92.166,22.87,399000
4/1/11,9.1,38.7,20.9,3259,5925,13957,0.1,3.97,4.78,,64.2,81.7,139.153,224.093,15557.539,16518.551,14343.087,3.32,0.61,69.8,372820,6.3,92.557,22.91,468000
5/1/11,9,39.6,21.6,3179,6153,13855,0.09,3.78,4.6,,64.1,81.7,140.688,224.806,15557.539,16518.551,14343.087,3.05,0.45,74.3,372505,6.3,92.838,22.97,418000
6/1/11,9.1,39.9,22.4,3455,6271,13962,0.09,3.69,4.51,,64,81.7,141.941,224.806,15557.539,16518.551,14343.087,3.18,0.45,71.5,375587,6.5,92.819,23,421000
7/1/11,9,40.7,22,3623,6195,13763,0.07,3.66,4.55,,64,81.4,142.339,225.395,15647.68,14189.926,14790.34,2.82,0.36,63.7,375442,6.7,92.977,23.11,406000
8/1/11,9,40.5,22.4,3329,6048,13818,0.1,3.44,4.22,,64.1,81.6,141.782,226.106,15647.68,14189.926,14790.34,2.23,0.2,55.8,375860,6.7,93.196,23.06,409000
9/1/11,9,40.4,22,3774,6304,13948,0.08,3.28,4.01,,64.2,81.5,140.161,226.597,15647.68,14189.926,14790.34,1.92,0.25,59.5,380042,6.4,93.327,23.11,406000
10/1/11,8.8,38.7,20.6,3619,5838,13594,0.07,3.38,4.1,,64.1,81.3,138.398,226.75,15842.259,15596.989,15222.94,2.17,0.25,60.8,382207,6.3,93.329,23.18,399000
11/1/11,8.6,40.2,20.8,3565,5698,13302,0.08,3.3,3.98,,64.1,81.5,136.653,227.169,15842.259,15596.989,15222.94,2.08,0.25,63.7,383422,6.4,93.52,23.19,397000
12/1/11,8.5,40.4,20.5,3768,5586,13093,0.07,3.24,3.95,,64,81.6,135.155,227.223,15842.259,15596.989,15222.94,1.89,0.25,69.9,383985,7.2,93.574,23.22,376000
1/1/12,8.3,40.2,20.8,3909,5476,12797,0.08,3.24,3.98,,63.7,81.5,134.156,227.842,16068.805,17018.707,15606.518,1.83,0.22,75,387531,7.4,93.894,23.26,372000
2/1/12,8.3,39.7,19.7,3616,5242,12813,0.1,3.19,3.95,,63.8,81.5,133.986,228.329,16068.805,17018.707,15606.518,1.98,0.3,75.3,392310,7.3,94.104,23.28,365000
3/1/12,8.2,39.3,19.2,3979,5236,12713,0.13,3.23,3.99,,63.8,81.5,135.855,228.807,16068.805,17018.707,15606.518,2.23,0.33,76.2,393698,7.6,94.284,23.36,358000
4/1/12,8.2,39.2,19.1,3793,5132,12646,0.14,3.12,3.88,,63.7,81.4,138.461,229.187,16207.115,16544.754,15855.037,1.95,0.27,76.4,392073,7.9,94.408,23.39,372000
5/1/12,8.2,39.6,19.9,3835,5401,12660,0.16,2.97,3.75,,63.7,81.4,141.037,228.713,16207.115,16544.754,15855.037,1.59,0.27,79.3,391376,7.9,94.302,23.41,381000
6/1/12,8.2,40.3,20.4,3911,5409,12692,0.16,2.94,3.66,,63.8,81.5,143.158,228.524,16207.115,16544.754,15855.037,1.67,0.33,73.2,387901,7.9,94.254,23.46,372000
7/1/12,8.2,39.3,17.5,3735,5210,12656,0.16,2.8,3.49,,63.7,81.4,144.272,228.59,16319.541,17646.886,16066.24,1.51,0.23,72.3,389686,7,94.288,23.49,372000
8/1/12,8.1,39.6,18.4,3809,5042,12471,0.13,2.86,3.59,,63.5,81.4,144.695,229.918,16319.541,17646.886,16066.24,1.57,0.22,74.3,394524,6.7,94.605,23.48,377000
9/1/12,7.8,39.8,18.8,3882,4911,12115,0.14,2.73,3.4,,63.6,81.5,144.347,231.015,16319.541,17646.886,16066.24,1.65,0.23,78.3,397681,7.2,94.893,23.57,376000
10/1/12,7.8,39.6,19.9,3775,4988,12124,0.16,2.72,3.41,,63.8,81.6,143.957,231.638,16420.419,17484.535,16432.73,1.72,0.3,82.6,397494,7.8,95.174,23.56,364000
11/1/12,7.7,39,18.6,3878,4805,12005,0.16,2.64,3.32,,63.6,81.2,143.95,231.249,16420.419,17484.535,16432.73,1.62,0.25,82.7,399708,8.7,95.109,23.63,388000
12/1/12,7.9,37.6,17.7,3970,4768,12298,0.16,2.65,3.35,,63.7,81.4,143.857,231.221,16420.419,17484.535,16432.73,1.78,0.25,72.9,401093,10.9,95.094,23.72,362000
1/1/13,8,35.6,15.8,3923,4681,12471,0.14,2.81,3.53,,63.7,81.1,144.301,231.679,16648.189,19638.659,16771.381,2.02,0.27,73.8,404434,4.9,95.275,23.74,366000
2/1/13,7.7,36.4,17.2,4004,4691,11950,0.15,2.76,3.51,,63.4,81,145.152,232.937,16648.189,19638.659,16771.381,1.89,0.25,77.6,409118,4.7,95.614,23.78,342000
3/1/13,7.5,37,17.6,4076,4563,11689,0.14,2.76,3.57,,63.3,81,147.952,232.282,16648.189,19638.659,16771.381,1.87,0.25,78.6,406223,4.8,95.488,23.8,375000
4/1/13,7.6,36.5,17.1,3988,4468,11760,0.15,2.61,3.4,,63.4,81,150.961,231.797,16728.687,19999.619,16738.32,1.7,0.22,76.4,404231,5.1,95.391,23.87,331000
5/1/13,7.5,36.8,17.1,4145,4347,11654,0.11,2.98,3.81,,63.4,81.2,153.851,231.893,16728.687,19999.619,16738.32,2.16,0.3,84.5,406677,5.3,95.461,23.89,353000
6/1/13,7.5,36.4,17,4150,4355,11751,0.09,3.5,4.46,,63.4,81.2,156.417,232.445,16728.687,19999.619,16738.32,2.52,0.36,84.1,407921,5.4,95.673,23.96,340000
7/1/13,7.3,37.3,16.2,3885,4258,11335,0.09,3.39,4.31,,63.3,81.2,158.276,232.9,16953.838,21082.861,16738.18,2.6,0.31,85.1,410268,5.2,95.792,23.98,334000
8/1/13,7.2,37.6,16.5,4085,4296,11279,0.08,3.54,4.51,,63.3,81,159.383,233.456,16953.838,21082.861,16738.18,2.78,0.39,82.1,409691,5.2,95.934,24.02,325000
9/1/13,7.2,37.4,16.5,4128,4132,11270,0.08,3.37,4.32,,63.2,81,159.663,233.544,16953.838,21082.861,16738.18,2.64,0.33,77.5,410044,5.3,95.976,24.06,319000
10/1/13,7.2,35.1,16.3,4222,4024,11136,0.09,3.2,4.1,,62.8,80.6,159.55,233.669,17192.019,22683.952,17156.119,2.57,0.31,73.2,411399,4.7,96.103,24.09,347000
11/1/13,6.9,36.6,17.1,4119,4042,10787,0.08,3.3,4.29,,63,81,159.361,234.1,17192.019,22683.952,17156.119,2.75,0.28,75.1,412561,4.5,96.246,24.16,312000
12/1/13,6.7,36.5,17.3,4121,3863,10404,0.09,3.52,4.48,,62.9,80.8,159.278,234.719,17192.019,22683.952,17156.119,3.04,0.38,82.5,414812,4.5,96.414,24.18,332000
1/1/14,6.6,35.1,15.4,4127,3607,10202,0.07,3.4,4.32,,62.9,80.9,159.364,235.288,17197.738,23437.3,17601.227,2.67,0.34,81.2,411561,5.2,96.614,24.22,340000
2/1/14,6.7,36.5,15.9,4373,3783,10349,0.07,3.39,4.37,,62.9,81.1,159.865,235.547,17197.738,23437.3,17601.227,2.66,0.33,81.6,416736,5.3,96.66,24.33,341000
3/1/14,6.7,35.3,15.8,4388,3704,10380,0.08,3.42,4.4,,63.1,81.1,161.178,236.028,17197.738,23437.3,17601.227,2.73,0.44,80,421230,5.2,96.815,24.31,330000
4/1/14,6.2,34.9,15.7,4566,3479,9702,0.09,3.39,4.33,,62.8,80.8,162.954,236.468,17518.508,24512.153,17632.606,2.67,0.42,84.1,425546,5.4,96.987,24.34,345000
5/1/14,6.3,34.4,14.6,4747,3360,9859,0.09,3.21,4.12,,62.9,80.7,164.667,236.918,17518.508,24512.153,17632.606,2.48,0.37,81.9,426253,5.6,97.147,24.4,312000
6/1/14,6.1,33.9,13.8,4982,3116,9460,0.1,3.22,4.14,,62.8,81,166.197,237.231,17518.508,24512.153,17632.606,2.53,0.47,82.5,427305,5.6,97.253,24.46,308000
7/1/14,6.2,32.7,13.1,4846,3136,9608,0.09,3.23,4.12,,62.9,80.8,167.122,237.498,17804.228,24322.139,17824.071,2.58,0.53,81.8,428079,5.5,97.391,24.48,303000
8/1/14,6.1,32,12.9,5349,2958,9599,0.09,3.25,4.1,,62.9,81.1,167.437,237.46,17804.228,24322.139,17824.071,2.35,0.48,82.5,431379,5.3,97.379,24.54,303000
9/1/14,5.9,31.9,13.4,4914,2948,9262,0.09,3.36,4.2,,62.8,80.8,167.228,237.477,17804.228,24322.139,17824.071,2.52,0.58,84.6,430189,5.5,97.413,24.56,290000
10/1/14,5.7,32.3,13.6,5012,2892,8990,0.09,3.13,3.98,,62.9,80.9,166.896,237.43,17912.079,25320.305,18141.444,2.35,0.5,86.9,431903,5.4,97.384,24.59,291000
11/1/14,5.8,32.7,13,4843,2828,9090,0.09,3.17,3.97,,62.9,80.9,166.644,236.983,17912.079,25320.305,18141.444,2.18,0.47,88.8,433113,5.6,97.291,24.66,291000
12/1/14,5.6,32.7,12.9,5130,2799,8717,0.12,3.15,3.87,,62.8,80.9,166.445,236.252,17912.079,25320.305,18141.444,2.17,0.67,93.6,430110,6,97.12,24.63,285000
1/1/15,5.7,32,13.2,5344,2774,8885,0.11,2.98,3.66,,62.9,81,166.23,234.747,18063.529,25497.135,18152.056,1.68,0.47,98.1,428208,6.3,96.654,24.74,281000
2/1/15,5.5,31.2,12.9,5466,2658,8599,0.11,3.07,3.8,,62.7,80.9,166.609,235.342,18063.529,25497.135,18152.056,2,0.63,95.4,427119,6.4,96.825,24.79,317000
3/1/15,5.4,30.5,12,5210,2542,8515,0.11,2.97,3.69,,62.6,80.8,168.068,235.976,18063.529,25497.135,18152.056,1.94,0.56,93,433647,5.9,97.008,24.85,269000
4/1/15,5.4,30.9,11.5,5598,2560,8550,0.12,2.94,3.68,,62.8,81,169.953,236.222,18279.784,25189.326,18151.998,2.05,0.58,95.9,434470,5.9,97.094,24.89,269000
5/1/15,5.6,30.7,11.6,5563,2503,8834,0.12,3.11,3.87,,62.9,81.1,171.835,237.001,18279.784,25189.326,18151.998,2.12,0.61,90.7,437865,5.8,97.327,24.97,275000
6/1/15,5.3,28.4,11.8,5248,2162,8247,0.13,3.21,4.02,,62.7,80.9,173.434,237.657,18279.784,25189.326,18151.998,2.35,0.64,96.1,437951,5.7,97.516,24.97,275000
7/1/15,5.2,28.1,10.9,6056,2127,8167,0.13,3.17,3.98,,62.6,80.7,174.477,238.034,18401.626,23284.705,18150.618,2.2,0.67,93.1,441942,5.6,97.605,25.01,269000
8/1/15,5.1,28.4,11.7,5467,2172,7992,0.14,3.06,3.84,,62.6,80.7,174.916,238.033,18401.626,23284.705,18150.618,2.21,0.74,91.9,441849,5.6,97.612,25.1,279000
9/1/15,5,25.7,11.3,5488,2097,7907,0.14,3.08,3.86,,62.4,80.6,175.021,237.498,18401.626,23284.705,18150.618,2.06,0.64,87.2,439867,5.8,97.477,25.11,272000
10/1/15,5,27.5,11.3,5773,2130,7922,0.12,2.98,3.76,,62.5,80.8,175.025,237.733,18435.137,24352.281,18922.179,2.16,0.75,90,438693,5.8,97.477,25.2,275000
11/1/15,5.1,27.9,11,5708,2074,8000,0.12,3.18,3.95,,62.5,80.9,175.115,238.017,18435.137,24352.281,18922.179,2.21,0.94,91.3,440303,5.6,97.538,25.25,265000
12/1/15,5,27.9,11,5845,2127,7907,0.24,3.24,4.01,,62.7,80.9,175.088,237.761,18435.137,24352.281,18922.179,2.27,1.06,92.6,442149,5.8,97.456,25.25,276000
1/1/16,4.8,29.1,11.3,6012,2081,7627,0.34,3.07,3.79,,62.7,81.1,175.011,237.652,18525.933,24766.471,19264.939,1.94,0.76,92,439466,6.1,97.496,25.37,282000
2/1/16,4.9,29.4,11.3,5770,2150,7702,0.38,2.93,3.62,,62.8,81.1,175.259,237.336,18525.933,24766.471,19264.939,1.74,0.78,91.7,443117,5.6,97.445,25.38,269000
3/1/16,5,28.3,11.3,6129,2231,7961,0.36,2.98,3.71,2059.74,63,81.3,176.582,238.08,18525.933,24766.471,19264.939,1.78,0.73,91,441856,5.9,97.673,25.45,271000
4/1/16,5.1,27.9,11.1,5803,2147,8067,0.37,2.89,3.66,2065.3,62.9,81.2,178.478,238.992,18711.702,25256.56,19381.591,1.83,0.77,89,444254,5.5,97.993,25.53,278000
5/1/16,4.8,26.9,10.7,5777,1925,7652,0.37,2.89,3.64,2096.96,62.7,81.2,180.327,239.557,18711.702,25256.56,19381.591,1.84,0.87,94.7,445490,5.3,98.153,25.58,263000
6/1/16,4.9,28,10.8,5742,1986,7744,0.38,2.78,3.48,2098.86,62.7,81.3,181.899,240.222,18711.702,25256.56,19381.591,1.49,0.58,93.5,450237,4.9,98.325,25.62,262000
7/1/16,4.8,27.8,11.1,5962,1943,7641,0.39,2.78,3.48,2173.6,62.8,81.3,183.002,240.101,18892.639,25848.598,19573.445,1.46,0.67,90,449789,5.1,98.342,25.69,266000
8/1/16,4.9,27.2,10.7,5677,1970,7784,0.4,2.74,3.43,2170.95,62.9,81.4,183.64,240.545,18892.639,25848.598,19573.445,1.58,0.8,89.8,449946,5.1,98.479,25.71,261000
9/1/16,5,26.5,10.2,5868,1933,7953,0.4,2.72,3.42,2168.27,62.9,81.5,183.926,241.176,18892.639,25848.598,19573.445,1.6,0.77,91.2,453056,5.1,98.666,25.77,247000
10/1/16,4.9,26.6,10.1,5591,1946,7811,0.4,2.78,3.47,2126.15,62.8,81.5,183.995,241.741,19089.379,25859.85,19976.827,1.84,0.86,87.2,453847,5.3,98.868,25.9,265000
11/1/16,4.7,25.9,10.3,5971,1865,7553,0.41,3.25,4.03,2198.81,62.7,81.4,184.205,242.026,19089.379,25859.85,19976.827,2.37,1.11,93.8,453892,5.4,98.901,25.9,255000
12/1/16,4.7,26.3,10.6,5964,1860,7521,0.54,3.55,4.32,2238.83,62.7,81.3,184.377,242.637,19089.379,25859.85,19976.827,2.45,1.2,98.2,459305,5,99.071,25.93,244000
1/1/17,4.7,25.3,10.3,5617,1866,7468,0.65,3.4,4.19,2278.87,62.8,81.5,184.63,243.618,19280.084,27264.628,19846.42,2.45,1.19,98.5,464412,5.3,99.451,26,241000
2/1/17,4.6,25.5,10.1,5923,1803,7379,0.66,3.37,4.16,2363.64,62.9,81.6,184.997,244.006,19280.084,27264.628,19846.42,2.36,1.22,96.3,464284,5.6,99.586,26.07,221000
3/1/17,4.4,25.1,10.3,5811,1677,7073,0.79,3.39,4.14,2362.72,62.9,81.6,186.507,243.892,19280.084,27264.628,19846.42,2.4,1.27,96.9,463674,5.6,99.535,26.11,236000
4/1/17,4.4,24.1,9.9,6091,1709,7089,0.9,3.27,4.03,2384.2,63,81.7,188.522,244.193,19438.643,27699.127,19844.554,2.29,1.28,97,465276,5.7,99.725,26.18,232000
5/1/17,4.4,24.7,10.5,5826,1721,7000,0.91,3.19,3.95,2411.8,62.8,81.7,190.517,244.004,19438.643,27699.127,19844.554,2.21,1.28,97.1,462754,6.3,99.682,26.21,253000
6/1/17,4.3,24.6,10,6305,1654,6873,1.04,3.17,3.88,2423.41,62.8,81.6,192.243,244.163,19438.643,27699.127,19844.554,2.31,1.38,95,465130,6,99.766,26.26,247000
7/1/17,4.3,24.6,10.2,6238,1720,6892,1.15,3.2,3.92,2470.3,62.9,81.8,193.487,244.243,19692.595,28462.12,20244.9,2.3,1.34,93.4,465089,6,99.803,26.35,245000
8/1/17,4.4,24,10.3,6276,1687,7082,1.16,3.12,3.82,2471.65,62.9,81.6,194.32,245.183,19692.595,28462.12,20244.9,2.12,1.33,96.8,466020,6.1,100.027,26.37,247000
9/1/17,4.3,26.1,10.1,6320,1683,6854,1.15,3.13,3.83,2519.36,63.1,81.9,194.788,246.435,19692.595,28462.12,20244.9,2.33,1.47,95.1,475724,5.9,100.4,26.49,260000
10/1/17,4.2,26.2,9.7,6408,1609,6700,1.15,3.25,3.94,2575.26,62.7,81.6,195.052,246.626,20037.088,30027.851,20492.747,2.38,1.6,100.7,476107,6,100.531,26.5,241000
11/1/17,4.2,25.7,9.8,6271,1589,6774,1.16,3.3,3.9,2647.58,62.7,81.7,195.416,247.284,20037.088,30027.851,20492.747,2.42,1.78,98.5,480949,5.6,100.675,26.54,243000
12/1/17,4.1,24.2,9.3,6336,1516,6632,1.3,3.44,3.99,2673.61,62.7,81.8,195.811,247.805,20037.088,30027.851,20492.747,2.4,1.89,95.9,483586,5,100.821,26.63,248000
1/1/18,4,24.2,9.7,6621,1467,6489,1.41,3.62,4.15,2823.81,62.7,81.7,196.083,248.859,20328.553,29749.632,21089.643,2.72,2.14,95.7,481414,5.7,101.199,26.72,228000
2/1/18,4.1,22.9,9.2,6552,1432,6581,1.42,3.85,4.4,2713.83,63,82.1,196.875,249.529,20328.553,29749.632,21089.643,2.87,2.25,99.7,484031,5.8,101.416,26.74,216000
3/1/18,4,24,8.8,6818,1345,6472,1.51,3.9,4.44,2640.87,62.9,82,198.542,249.577,20328.553,29749.632,21089.643,2.74,2.27,101.4,484110,5.9,101.524,26.85,232000
4/1/18,4,22.5,9.6,6877,1375,6459,1.69,4.02,4.58,2648.05,62.9,82,200.581,250.227,20580.912,30848.969,21195.07,2.95,2.49,98.8,484154,6,101.766,26.91,209000
5/1/18,3.8,21.1,9.2,7016,1233,6196,1.7,4.06,4.56,2705.27,62.9,81.9,202.418,250.792,20580.912,30848.969,21195.07,2.83,2.4,98,491960,6,101.941,26.98,222000
6/1/18,4,20.8,9,7230,1404,6447,1.82,4.04,4.55,2718.37,63,82.1,204.01,251.018,20580.912,30848.969,21195.07,2.85,2.52,98.2,490228,6.3,102.029,27.03,228000
7/1/18,3.8,23.1,9.8,7190,1416,6195,1.91,4.02,4.54,2816.29,63,82.1,204.919,251.214,20798.73,32564.623,21516.058,2.96,2.67,97.9,493142,6.5,102.137,27.1,207000
8/1/18,3.8,22.4,9.3,7208,1287,6156,1.91,3.97,4.52,2901.52,62.6,81.9,205.297,251.663,20798.73,32564.623,21516.058,2.86,2.62,96.2,493445,6.6,102.208,27.21,211000
9/1/18,3.7,24.2,9.2,7411,1351,6073,1.95,4.16,4.72,2913.98,62.8,81.9,205.343,252.182,20798.73,32564.623,21516.058,3.05,2.81,100.1,491507,6.8,102.418,27.32,210000
10/1/18,3.8,23.1,9.4,7304,1348,6211,2.19,4.29,4.86,2711.74,62.9,82.3,205.339,252.772,20917.867,27928.374,21974.096,3.15,2.87,98.6,496416,6.7,102.595,27.37,216000
11/1/18,3.8,22.1,8.9,7594,1228,6115,2.2,4.25,4.81,2760.17,62.9,82.2,205.076,252.594,20917.867,27928.374,21974.096,3.01,2.8,97.5,498854,6.5,102.63,27.44,237000
12/1/18,3.9,21.9,9.6,7489,1306,6389,2.27,4.01,4.55,2506.85,63,82.3,204.666,252.767,20917.867,27928.374,21974.096,2.69,2.48,98.3,489113,8.4,102.701,27.56,238000
1/1/19,4,20.5,9.5,7502,1287,6475,2.4,3.89,4.46,2704.1,63.1,82.5,204.168,252.561,21111.6,31842.863,22027.88,2.63,2.45,91.2,490440,8.4,102.648,27.59,234000
2/1/19,3.8,21.8,9.6,7066,1283,6136,2.4,3.77,4.35,2784.49,63.1,82.5,204.394,253.319,21111.6,31842.863,22027.88,2.73,2.52,93.8,491751,8.5,102.836,27.69,221000
3/1/19,3.8,22.2,9.6,7317,1264,6202,2.41,3.57,4.06,2834.4,63,82.4,205.741,254.277,21111.6,31842.863,22027.88,2.41,2.27,98.4,499292,7.9,103.069,27.77,203000
4/1/19,3.7,22.5,9.2,7272,1230,5961,2.42,3.64,4.2,2945.83,62.8,82.2,207.654,255.233,21397.938,32628.387,22023.283,2.51,2.27,97.2,499343,7.6,103.36,27.79,224000
5/1/19,3.6,24,9.2,7275,1299,5930,2.39,3.46,3.99,2752.06,62.9,82.2,209.317,255.296,21397.938,32628.387,22023.283,2.14,1.95,100,504741,7.3,103.435,27.88,222000
6/1/19,3.6,21.6,9.6,7194,1333,5935,2.38,3.16,3.73,2941.76,63,82.2,210.551,255.213,21397.938,32628.387,22023.283,2,1.75,98.2,505251,7.1,103.484,27.97,226000
7/1/19,3.7,19.6,8.9,7042,1227,6061,2.4,3.18,3.75,2980.38,63.1,82.1,211.302,255.802,21717.171,32784.212,22719.402,2.02,1.89,98.4,509091,6.8,103.622,28.03,206000
8/1/19,3.6,21.9,8.7,7178,1257,5945,2.13,3.06,3.58,2926.46,63.1,82.5,211.66,256.036,21717.171,32784.212,22719.402,1.5,1.5,89.8,512561,6.9,103.67,28.14,215000
9/1/19,3.5,22.5,9.2,7124,1338,5753,2.04,3.16,3.64,2976.74,63.2,82.7,211.839,256.43,21717.171,32784.212,22719.402,1.68,1.63,93.2,509282,7,103.733,28.16,215000
10/1/19,3.6,22.4,9,7289,1291,5871,1.83,3.19,3.78,3037.56,63.3,82.8,211.934,257.155,21933.217,35067.526,23201.38,1.69,1.52,95.5,510648,7.1,103.917,28.24,215000
11/1/19,3.6,20.3,8.9,6888,1208,5868,1.55,3.15,3.68,3140.98,63.3,82.9,212.074,257.879,21933.217,35067.526,23201.38,1.78,1.61,96.8,514215,6.9,104.024,28.34,231000
12/1/19,3.6,20.7,9.1,6699,1188,5853,1.55,3.19,3.74,3230.78,63.3,83,212.205,258.63,21933.217,35067.526,23201.38,1.92,1.58,99.3,515866,6.2,104.307,28.38,231000
1/1/20,3.6,21.9,10,7124,1176,5869,1.55,3,3.51,3225.52,63.3,83.1,212.363,259.127,21751.238,28006.514,23223.813,1.51,1.33,99.8,515119,6.8,104.49,28.43,210000
2/1/20,3.5,20.6,9.4,6966,1110,5753,1.58,2.95,3.45,2954.22,63.3,82.9,213.181,259.25,21751.238,28006.514,23223.813,1.13,0.86,101,515330,7.5,104.573,28.54,215000
3/1/20,4.4,17,6,5894,1140,7206,0.65,2.92,3.5,2584.59,62.6,82.4,215.157,258.076,21751.238,28006.514,23223.813,0.7,0.23,89.1,468324,12.4,104.271,28.73,5946000
4/1/20,14.8,7.2,2.2,4606,910,23084,0.05,2.77,3.23,2912.43,60.1,79.8,217.204,256.032,19958.291,34552.363,26477.241,0.64,0.2,71.8,401028,31.8,103.838,30.04,3446000
5/1/20,13.2,10.5,7.7,5612,1147,20929,0.05,2.62,3.15,3044.31,60.8,80.6,218.452,255.802,19958.291,34552.363,26477.241,0.65,0.16,72.3,478449,22.6,103.942,29.72,1639000
6/1/20,11,14.4,13.4,6129,1355,17652,0.08,2.59,3.13,3100.29,61.5,81.4,219.778,257.042,19958.291,34552.363,26477.241,0.66,0.16,78.1,518038,18.3,104.27,29.38,1446000
7/1/20,10.2,17,14.7,6530,1544,16352,0.09,2.51,2.99,3271.12,61.5,81.2,221.533,258.352,21704.437,38116.01,26945.391,0.55,0.11,72.5,526304,17.9,104.578,29.39,1260000
8/1/20,8.4,19.9,16.2,6429,1632,13461,0.1,2.46,2.91,3500.31,61.7,81.3,224.012,259.316,21704.437,38116.01,26945.391,0.72,0.14,74.1,530735,13.9,104.87,29.49,881000
9/1/20,7.8,21.5,17.5,6511,2445,12554,0.09,2.4,2.9,3363,61.4,80.9,226.762,259.997,21704.437,38116.01,26945.391,0.69,0.13,80.4,541302,13.3,105.057,29.51,795000
10/1/20,6.9,22,19,6798,3591,11072,0.09,2.32,2.81,3269.96,61.7,81.3,229.77,260.319,22087.16,43789.813,27747.798,0.88,0.14,81.8,539114,12.8,105.151,29.54,773000
11/1/20,6.7,23.3,18.3,6820,3924,10694,0.09,2.28,2.72,3621.63,61.5,81,232.273,260.911,22087.16,43789.813,27747.798,0.84,0.16,76.9,533941,12,105.258,29.64,737000
12/1/20,6.7,23.2,16.8,6773,3967,10770,0.09,2.17,2.67,3756.07,61.5,81.1,234.321,262.045,22087.16,43789.813,27747.798,0.93,0.13,80.7,538548,11.8,105.699,29.91,773000
1/1/21,6.4,26,16,7162,4039,10260,0.09,2.2,2.73,3714.24,61.4,81.1,236.394,262.687,22680.693,46709.5,28132.57,1.11,0.11,79,559230,19.5,106.147,29.93,803000
2/1/21,6.2,27.6,18.4,7827,4149,10013,0.08,2.34,2.97,3811.15,61.4,81.1,239.175,263.579,22680.693,46709.5,28132.57,1.44,0.14,76.8,544891,13,106.5,30.05,704000
3/1/21,6.1,29.6,20.3,8499,4176,9772,0.07,2.45,3.17,3972.89,61.5,81.3,244.173,264.961,22680.693,46709.5,28132.57,1.74,0.16,84.9,603581,26.2,107.054,30.03,658000
4/1/21,6.1,28.4,20.2,9346,4079,9754,0.07,2.31,2.98,4181.17,61.6,81.3,249.783,266.614,23425.91,50520.724,28529.436,1.65,0.16,88.3,608961,12.4,107.618,30.22,574000
5/1/21,5.8,29.7,19.5,9954,3716,9260,0.06,2.27,2.95,4204.11,61.6,81.3,255.407,268.383,23425.91,50520.724,28529.436,1.58,0.14,82.9,605282,10,108.175,30.41,427000
6/1/21,5.9,32,19.8,10319,3989,9481,0.08,2.34,3.02,4297.5,61.7,81.7,261.126,270.654,23425.91,50520.724,28529.436,1.45,0.25,85.5,611950,8.8,108.76,30.54,368000
7/1/21,5.4,29.8,14.7,10983,3471,8731,0.1,2.1,2.8,4395.26,61.8,81.8,265.456,271.903,23982.379,50552.06,28428.919,1.24,0.19,81.2,601817,9.5,109.256,30.66,379000
8/1/21,5.1,29.4,14.2,10872,3181,8269,0.09,2.17,2.87,4522.68,61.7,81.7,268.725,272.676,23982.379,50552.06,28428.919,1.3,0.2,70.3,605533,8.7,109.674,30.78,353000
9/1/21,4.7,28.5,13.2,10834,2712,7610,0.08,2.28,3.01,4307.54,61.7,81.6,271.373,273.91,23982.379,50552.06,28428.919,1.52,0.28,72.8,609671,7.6,110.034,30.98,375000
10/1/21,4.5,26.8,12.4,11238,2367,7267,0.08,2.37,3.14,4605.38,61.8,81.8,273.577,276.55,24813.6,54267.369,29617.215,1.55,0.48,71.7,618573,7,110.762,31.14,261000
11/1/21,4.1,28.9,12.4,11199,2178,6729,0.08,2.42,3.1,4567,61.9,82,275.943,278.919,24813.6,54267.369,29617.215,1.43,0.52,67.4,624874,6.6,111.5,31.23,221000
12/1/21,3.9,28,11.4,11520,1993,6413,0.08,2.33,3.11,4766.18,62,82,278.516,280.845,24813.6,54267.369,29617.215,1.52,0.73,70.6,619938,6.6,112.191,31.39,217000
1/1/22,4,24.5,9.9,11210,1663,6533,0.08,2.8,3.55,4515.55,62.2,82,281.895,282.543,25250.347,51242.409,30400.96,1.79,1.18,67.2,631509,4.2,112.805,31.6,231000
2/1/22,3.9,26.4,10,11698,1695,6323,0.08,3.14,3.89,4373.94,62.3,82.2,287.114,284.5,25250.347,51242.409,30400.96,1.83,1.44,62.8,638101,4.1,113.471,31.64,208000
3/1/22,3.7,24.2,8.8,12301,1386,6033,0.2,3.83,4.67,4530.41,62.4,82.5,294.908,287.674,25250.347,51242.409,30400.96,2.32,2.28,59.4,651027,3.2,114.469,31.8,214000
4/1/22,3.7,24.8,8.5,11861,1383,5995,0.33,4.4,5.1,4131.93,62.2,82.4,301.525,288.561,25861.292,42362.863,30568.582,2.89,2.7,65.2,660194,2.6,114.812,31.96,218000
5/1/22,3.6,22.5,9.1,11535,1302,5979,0.77,4.31,5.1,4132.15,62.3,82.6,306.287,291.298,25861.292,42362.863,30568.582,2.85,2.53,58.4,659847,2.6,115.525,32.1,199000
6/1/22,3.6,22.3,8,11283,1356,5975,1.21,4.83,5.7,3785.38,62.2,82.3,308.082,294.957,25861.292,42362.863,30568.582,2.98,2.92,50,666113,2.2,116.638,32.19,212000
7/1/22,3.5,22.1,8.3,11576,1114,5770,1.68,4.58,5.3,4130.29,62.1,82.4,306.917,294.913,26336.304,40369.805,30928.912,2.67,2.89,51.5,659550,3.3,116.631,32.34,228000
8/1/22,3.6,22.3,8.6,10092,1222,5909,2.33,4.85,5.55,3955,62.3,82.8,303.493,295.097,26336.304,40369.805,30928.912,3.15,3.45,58.2,663566,3.2,116.956,32.44,210000
9/1/22,3.5,20.2,8.1,10800,1116,5747,2.56,5.96,6.7,3585.62,62.2,82.6,300.326,296.349,26336.304,40369.805,30928.912,3.83,4.22,58.6,661854,3.4,117.371,32.57,190000
10/1/22,3.6,20.7,8.1,10447,1210,5949,3.08,6.36,7.08,3871.98,62.2,82.6,298.542,298.007,26770.514,42069.774,31419.689,4.1,4.51,59.9,668671,3.4,117.919,32.7,202000
11/1/22,3.6,21.5,8.4,10632,1241,5918,3.78,5.9,6.58,4080.11,62.1,82.4,296.727,298.786,26770.514,42069.774,31419.689,3.68,4.38,56.7,659458,3.8,118.224,32.82,209000
12/1/22,3.5,19.4,8.1,10902,1072,5781,4.1,5.68,6.42,3839.5,62.3,82.6,294.22,298.832,26770.514,42069.774,31419.689,3.88,4.41,59.8,651763,4.2,118.384,32.94,205000
1/1/23,3.5,20.4,9.6,10318,1094,5770,4.33,5.17,6.13,4076.6,62.4,82.7,292.712,300.42,27216.445,45421.673,31458.438,3.52,4.21,64.9,680253,4.9,119.018,33.02,200000
2/1/23,3.6,19.4,8.9,9857,1062,5987,4.57,5.76,6.5,3970.15,62.5,83,293.507,301.45,27216.445,45421.673,31458.438,3.92,4.81,66.9,672152,5.5,119.369,33.15,207000
3/1/23,3.5,19.5,8.4,9655,1067,5859,4.65,5.56,6.32,4109.31,62.6,83.1,297.428,301.821,27216.445,45421.673,31458.438,3.48,4.06,62,665071,6,119.538,33.27,234000
4/1/23,3.4,20.9,8.7,9966,1076,5747,4.83,5.71,6.43,4169.48,62.6,83.3,301.542,302.845,27530.055,48934.648,32332.274,3.44,4.04,63.7,670494,5.8,119.951,33.43,213000
5/1/23,3.6,21.2,9.1,9368,1151,6084,5.06,5.97,6.57,4179.83,62.6,83.4,305.409,303.334,27530.055,48934.648,32332.274,3.64,4.4,59,673902,6.1,120.15,33.5,229000
6/1/23,3.6,20.7,8.7,9180,1122,5985,5.08,6.06,6.71,4450.38,62.6,83.5,308.369,304.014,27530.055,48934.648,32332.274,3.81,4.87,64.2,677117,5.8,120.469,33.69,236000
7/1/23,3.5,20.6,8.9,8657,1190,5923,5.12,6.11,6.81,4588.96,62.6,83.4,310.292,304.609,28074.846,46925.146,33167.334,3.97,4.88,71.5,678424,5.5,120.607,33.85,238000
8/1/23,3.7,20.4,8.9,9254,1360,6275,5.33,6.55,7.18,4507.66,62.8,83.4,311.655,306.082,28074.846,46925.146,33167.334,4.09,4.85,69.4,684755,5.6,120.97,33.89,234000
9/1/23,3.7,21.4,9.1,9259,1241,6274,5.33,6.72,7.31,4288.05,62.7,83.5,312.511,307.276,28074.846,46925.146,33167.334,4.59,5.03,67.8,689403,5.3,121.419,34.01,216000
10/1/23,3.9,21.5,8.6,8580,1327,6463,5.33,7.03,7.79,4193.8,62.6,83.4,312.863,307.696,28424.722,51749.358,34001.494,4.88,5.07,63.8,686148,5.4,121.484,34.08,217000
11/1/23,3.7,19.4,8.9,8602,1166,6226,5.33,6.56,7.22,4567.8,62.8,83.4,312.104,308.148,28424.722,51749.358,34001.494,4.37,4.73,61.3,685328,5.6,121.493,34.17,213000
12/1/23,3.8,22.2,9.4,8520,1273,6329,5.33,5.93,6.61,4769.83,62.5,83.2,310.922,308.741,28424.722,51749.358,34001.494,3.88,4.23,69.7,686277,5.6,121.66,34.29,200000
1/1/24,3.7,20.9,9.4,8378,1279,6175,5.33,5.96,6.69,4845.65,62.5,83.3,310.786,309.698,28708.161,56642.367,34586.533,3.99,4.27,79,680456,6.4,122.23,34.47,226000
2/1/24,3.9,20.9,9.2,8440,1219,6486,5.33,6.26,6.94,5096.27,62.6,83.5,312.709,310.967,28708.161,56642.367,34586.533,4.25,4.64,76.9,685280,6.1,122.598,34.52,212000
3/1/24,3.9,21.6,9.5,8206,1259,6521,5.33,6.11,6.79,5254.35,62.7,83.4,316.884,312.345,28708.161,56642.367,34586.533,4.2,4.59,79.4,687641,5.9,123.038,34.65,223000
4/1/24,3.9,20,8.8,7529,1249,6486,5.33,6.44,7.17,5035.69,62.6,83.5,320.81,313.023,29147.044,58187.988,34831.634,4.69,5.04,77.2,687602,5.8,123.341,34.76,207000
5/1/24,3.9,21.3,9.1,7782,1356,6627,5.33,6.36,7.03,5277.51,62.6,83.6,323.748,313.175,29147.044,58187.988,34831.634,4.51,4.89,69.1,692774,5.8,123.348,34.89,220000
6/1/24,4.1,20.7,9.8,7416,1534,6881,5.33,6.16,6.86,5460.48,62.6,83.7,325.3,313.044,29147.044,58187.988,34831.634,4.36,4.71,68.2,692449,5.7,123.539,35.01,238000
7/1/24,4.2,20.6,9.5,7426,1537,7098,5.33,6.07,6.78,5522.3,62.7,84,325.622,313.569,29511.664,61385.066,35464.674,4.09,4.29,66.4,698835,5.3,123.736,35.08,248000
8/1/24,4.2,21,9.6,7520,1536,7063,5.33,5.51,6.35,5648.4,62.7,83.9,325.068,314.062,29511.664,61385.066,35464.674,3.91,3.91,67.9,697039,5.2,123.889,35.22,227000
9/1/24,4.1,22.6,10,6943,1612,6849,5.13,5.16,6.08,5762.48,62.7,83.8,324.696,314.732,29511.664,61385.066,35464.674,3.81,3.66,70.1,703055,4.8,124.164,35.34,227000
10/1/24,4.1,22.9,10.2,7379,1604,6951,4.83,5.99,6.72,5705.45,62.5,83.5,324.014,315.631,29825.182,62735.89,36218.605,4.28,4.16,70.5,708290,5,124.494,35.46,219000
11/1/24,4.2,23.7,10.7,7566,1651,7089,4.64,6.1,6.81,6032.38,62.4,83.5,323.732,316.528,29825.182,62735.89,36218.605,4.18,4.13,71.8,711853,4.9,124.637,35.6,222000
12/1/24,4.1,23.7,10.2,7295,1551,6920,4.48,6,6.85,5881.63,62.5,83.4,323.341,317.604,29825.182,62735.89,36218.605,4.58,4.25,74,717265,4.3,124.979,35.69,212000
1/1/25,4,22,10.1,7431,1449,6865,4.33,6.12,6.95,6040.53,62.6,83.5,323.671,318.961,30042.113,58814.358,36214.3095208,4.58,4.22,71.7,711095,5.1,125.417,35.84,212000
2/1/25,4.2,21.4,9.9,7242,1461,7104,4.33,5.94,6.76,5954.5,62.5,83.5,325.122,319.679,30042.113,58814.358,36214.3095208,4.24,3.99,64.7,711757,5.2,125.921,35.94,241000
3/1/25,4.2,22.9,9.7,6952,1499,7132,4.33,5.89,6.65,5611.85,62.5,83.3,327.74,319.785,30042.113,58814.358,36214.3095208,4.23,3.89,57,722572,5.1,125.941,36.11,220000
4/1/25,4.2,23.2,10.2,7098,1672,7155,4.33,5.94,6.81,5569.06,62.6,83.6,329.906,320.302,30485.729,65209.699,36211.469,4.17,3.6,52.2,721789,5.5,126.15,36.12,239000
5/1/25,4.3,21.9,9.5,7310,1464,7248,4.33,6.03,6.89,5911.69,62.4,83.4,331.423,320.62,30485.729,65209.699,36211.469,4.41,3.89,52.2,716101,4.9,126.38,36.28,244000
6/1/25,4.1,23.1,10.1,7204,1651,7054,4.33,5.89,6.77,6204.95,62.3,83.5,331.611,321.435,30485.729,65209.699,36211.469,4.24,3.72,60.7,723033,4.6,126.743,36.36,231000
7/1/25,4.3,24,10.2,7089,1822,7272,4.33,5.85,6.72,6339.39,62.2,83.4,330.966,322.169,31098.027,71340.142,37637.55259556,4.37,3.94,61.7,727727,4.5,126.96,36.47,219000
8/1/25,4.3,24.5,9.9,6919,1924,7380,4.33,5.69,6.56,6460.26,62.3,83.7,329.865,323.291,31098.027,71340.142,37637.55259556,4.23,3.59,58.2,731700,4.4,127.293,36.62,236000
9/1/25,4.4,24.1,10.1,7169,1815,7605,4.22,5.49,6.3,6688.46,62.5,83.7,328.971,324.245,31098.027,71340.142,37637.55259556,4.16,3.6,55.1,732192,4.3,127.625,36.7,225000
10/1/25,,,,7170,,,4.09,5.41,6.17,6840.2,,,328.558,,31442.483,73132.723,38514.009,4.11,3.6,53.6,731051,4,127.873,36.85,221000
11/1/25,4.5,23.1,9.8,6846,1910,7781,3.88,5.51,6.23,6849.09,62.5,83.8,328.353,325.063,31442.483,73132.723,38514.009,4.02,3.47,51,734718,4,128.155,37,216000
12/1/25,4.4,24.4,11.4,6550,1948,7503,3.72,5.44,6.15,6845.5,62.4,83.8,327.455,326.031,31442.483,73132.723,38514.009,4.18,3.47,52.9,734685,4,128.615,37.02,203000
1/1/26,4.3,23.7,11,6946,1813,7368,3.64,5.49,6.1,6939.03,62.1,84,327.455,326.588,31442.483,73132.723,38514.009,4.26,3.52,56.4,733537,4.5,128.969,37.17,230000
2/1/26,4.4,25.7,11.1,6946,1899,7571,3.64,5.44,5.98,6878.88,62,83.9,327.455,327.46,31442.483,73132.723,38514.009,3.97,3.38,,,,,37.32,214000
3/1/26,,,,6946,,,,5.54,6.22,6506.48,,,,,,,,4.25,3.79,,,,,,205000
